Suite/Test/Step Name,Browser,Description,Start time,End time,Duration,Status
Salesman and affiliate orders,Chrome 66.0.3359.181,,2018-05-24 14:48:33,2018-05-24 14:50:53,2m - 20.153s,PASSED
,,,,,,
Test Cases/Affiliate - BuyVTRCaDealer,Chrome 66.0.3359.181,,2018-05-24 14:48:33,2018-05-24 14:49:00,26.598s,PASSED
openBrowser,Chrome 66.0.3359.181,,2018-05-24 14:48:34,2018-05-24 14:48:38,3.752s,PASSED
maximizeWindow,Chrome 66.0.3359.181,,2018-05-24 14:48:38,2018-05-24 14:48:39,1.190s,PASSED
"Statement - OrderURL = com.kms.katalon.core.webui.keyword.WebUiBuiltInKeywords.concatenate([StagingReact, AffiliateURL, ""order/""])",Chrome 66.0.3359.181,,2018-05-24 14:48:39,2018-05-24 14:48:39,0.054s,PASSED
navigateToUrl,Chrome 66.0.3359.181,,2018-05-24 14:48:39,2018-05-24 14:48:43,3.496s,PASSED
waitForElementVisible,Chrome 66.0.3359.181,,2018-05-24 14:48:43,2018-05-24 14:48:43,0.194s,PASSED
verifyElementText,Chrome 66.0.3359.181,,2018-05-24 14:48:43,2018-05-24 14:48:43,0.122s,PASSED
verifyElementText,Chrome 66.0.3359.181,,2018-05-24 14:48:43,2018-05-24 14:48:43,0.098s,PASSED
verifyElementText,Chrome 66.0.3359.181,,2018-05-24 14:48:43,2018-05-24 14:48:43,0.081s,PASSED
setText,Chrome 66.0.3359.181,,2018-05-24 14:48:43,2018-05-24 14:48:44,0.482s,PASSED
click,Chrome 66.0.3359.181,,2018-05-24 14:48:44,2018-05-24 14:48:44,0.203s,PASSED
waitForElementVisible,Chrome 66.0.3359.181,,2018-05-24 14:48:44,2018-05-24 14:48:45,0.583s,PASSED
verifyElementVisible,Chrome 66.0.3359.181,,2018-05-24 14:48:45,2018-05-24 14:48:45,0.075s,PASSED
click,Chrome 66.0.3359.181,,2018-05-24 14:48:45,2018-05-24 14:48:45,0.256s,PASSED
waitForElementVisible,Chrome 66.0.3359.181,,2018-05-24 14:48:45,2018-05-24 14:48:45,0.095s,PASSED
Statement - now = new java.util.Date(),Chrome 66.0.3359.181,,2018-05-24 14:48:45,2018-05-24 14:48:45,0.011s,PASSED
"Statement - rnd = now.format(""yyyyMMddHHmmssSSS"").toString()",Chrome 66.0.3359.181,,2018-05-24 14:48:45,2018-05-24 14:48:45,0.004s,PASSED
"Statement - Email = com.kms.katalon.core.webui.keyword.WebUiBuiltInKeywords.concatenate([""affiliate"", rnd, ""@mailinator.com""])",Chrome 66.0.3359.181,,2018-05-24 14:48:45,2018-05-24 14:48:45,0.237s,PASSED
callTestCase,Chrome 66.0.3359.181,,2018-05-24 14:48:45,2018-05-24 14:48:50,5.102s,PASSED
waitForElementClickable,Chrome 66.0.3359.181,,2018-05-24 14:48:50,2018-05-24 14:48:51,0.396s,PASSED
"Statement - Price = com.kms.katalon.core.webui.keyword.WebUiBuiltInKeywords.concatenate([""Only "", Vtr1])",Chrome 66.0.3359.181,,2018-05-24 14:48:51,2018-05-24 14:48:51,0.002s,PASSED
verifyElementText,Chrome 66.0.3359.181,,2018-05-24 14:48:51,2018-05-24 14:48:51,0.051s,PASSED
click,Chrome 66.0.3359.181,,2018-05-24 14:48:51,2018-05-24 14:48:51,0.510s,PASSED
waitForElementPresent,Chrome 66.0.3359.181,,2018-05-24 14:48:51,2018-05-24 14:48:56,4.721s,PASSED
waitForElementClickable,Chrome 66.0.3359.181,,2018-05-24 14:48:56,2018-05-24 14:48:56,0.062s,PASSED
verifyTextPresent,Chrome 66.0.3359.181,,2018-05-24 14:48:56,2018-05-24 14:48:56,0.223s,PASSED
verifyElementText,Chrome 66.0.3359.181,,2018-05-24 14:48:56,2018-05-24 14:48:56,0.045s,PASSED
verifyElementText,Chrome 66.0.3359.181,,2018-05-24 14:48:56,2018-05-24 14:48:56,0.046s,PASSED
click,Chrome 66.0.3359.181,,2018-05-24 14:48:56,2018-05-24 14:48:58,1.281s,PASSED
waitForElementVisible,Chrome 66.0.3359.181,,2018-05-24 14:48:58,2018-05-24 14:48:58,0.071s,PASSED
verifyElementText,Chrome 66.0.3359.181,,2018-05-24 14:48:58,2018-05-24 14:48:58,0.051s,PASSED
verifyElementAttributeValue,Chrome 66.0.3359.181,,2018-05-24 14:48:58,2018-05-24 14:48:58,0.046s,PASSED
verifyElementText,Chrome 66.0.3359.181,,2018-05-24 14:48:58,2018-05-24 14:48:58,0.036s,PASSED
navigateToUrl,Chrome 66.0.3359.181,,2018-05-24 14:48:58,2018-05-24 14:48:59,1.148s,PASSED
verifyElementText,Chrome 66.0.3359.181,,2018-05-24 14:48:59,2018-05-24 14:48:59,0.052s,PASSED
verifyElementText,Chrome 66.0.3359.181,,2018-05-24 14:48:59,2018-05-24 14:48:59,0.059s,PASSED
verifyElementText,Chrome 66.0.3359.181,,2018-05-24 14:48:59,2018-05-24 14:48:59,0.057s,PASSED
closeBrowser,Chrome 66.0.3359.181,,2018-05-24 14:48:59,2018-05-24 14:49:00,0.687s,PASSED
,,,,,,
Test Cases/Affiliate - BuyVTRConsumer,Chrome 66.0.3359.181,,2018-05-24 14:49:00,2018-05-24 14:49:22,21.656s,PASSED
openBrowser,Chrome 66.0.3359.181,,2018-05-24 14:49:00,2018-05-24 14:49:03,2.269s,PASSED
maximizeWindow,Chrome 66.0.3359.181,,2018-05-24 14:49:03,2018-05-24 14:49:04,1.146s,PASSED
"Statement - OrderURL = com.kms.katalon.core.webui.keyword.WebUiBuiltInKeywords.concatenate([StagingReact, AffiliateURL, ""order/""])",Chrome 66.0.3359.181,,2018-05-24 14:49:04,2018-05-24 14:49:04,0.001s,PASSED
navigateToUrl,Chrome 66.0.3359.181,,2018-05-24 14:49:04,2018-05-24 14:49:06,2.414s,PASSED
waitForElementVisible,Chrome 66.0.3359.181,,2018-05-24 14:49:06,2018-05-24 14:49:06,0.049s,PASSED
verifyElementText,Chrome 66.0.3359.181,,2018-05-24 14:49:06,2018-05-24 14:49:06,0.045s,PASSED
verifyElementText,Chrome 66.0.3359.181,,2018-05-24 14:49:06,2018-05-24 14:49:06,0.059s,PASSED
verifyElementText,Chrome 66.0.3359.181,,2018-05-24 14:49:06,2018-05-24 14:49:06,0.055s,PASSED
setText,Chrome 66.0.3359.181,,2018-05-24 14:49:06,2018-05-24 14:49:07,0.248s,PASSED
click,Chrome 66.0.3359.181,,2018-05-24 14:49:07,2018-05-24 14:49:07,0.116s,PASSED
waitForElementVisible,Chrome 66.0.3359.181,,2018-05-24 14:49:07,2018-05-24 14:49:07,0.552s,PASSED
verifyElementVisible,Chrome 66.0.3359.181,,2018-05-24 14:49:07,2018-05-24 14:49:07,0.048s,PASSED
click,Chrome 66.0.3359.181,,2018-05-24 14:49:07,2018-05-24 14:49:08,0.202s,PASSED
waitForElementVisible,Chrome 66.0.3359.181,,2018-05-24 14:49:08,2018-05-24 14:49:08,0.084s,PASSED
Statement - now = new java.util.Date(),Chrome 66.0.3359.181,,2018-05-24 14:49:08,2018-05-24 14:49:08,0.001s,PASSED
"Statement - rnd = now.format(""yyyyMMddHHmmssSSS"").toString()",Chrome 66.0.3359.181,,2018-05-24 14:49:08,2018-05-24 14:49:08,0.001s,PASSED
"Statement - Email = com.kms.katalon.core.webui.keyword.WebUiBuiltInKeywords.concatenate([""affiliate"", rnd, ""@mailinator.com""])",Chrome 66.0.3359.181,,2018-05-24 14:49:08,2018-05-24 14:49:08,0.053s,PASSED
callTestCase,Chrome 66.0.3359.181,,2018-05-24 14:49:08,2018-05-24 14:49:13,4.925s,PASSED
waitForElementClickable,Chrome 66.0.3359.181,,2018-05-24 14:49:13,2018-05-24 14:49:13,0.285s,PASSED
"Statement - Price = com.kms.katalon.core.webui.keyword.WebUiBuiltInKeywords.concatenate([""Only "", Vtr1])",Chrome 66.0.3359.181,,2018-05-24 14:49:13,2018-05-24 14:49:13,0.001s,PASSED
verifyElementText,Chrome 66.0.3359.181,,2018-05-24 14:49:13,2018-05-24 14:49:13,0.431s,PASSED
click,Chrome 66.0.3359.181,,2018-05-24 14:49:13,2018-05-24 14:49:14,0.089s,PASSED
waitForElementPresent,Chrome 66.0.3359.181,,2018-05-24 14:49:14,2018-05-24 14:49:18,4.188s,PASSED
waitForElementClickable,Chrome 66.0.3359.181,,2018-05-24 14:49:18,2018-05-24 14:49:18,0.045s,PASSED
verifyTextPresent,Chrome 66.0.3359.181,,2018-05-24 14:49:18,2018-05-24 14:49:18,0.239s,PASSED
verifyElementText,Chrome 66.0.3359.181,,2018-05-24 14:49:18,2018-05-24 14:49:18,0.055s,PASSED
verifyElementText,Chrome 66.0.3359.181,,2018-05-24 14:49:18,2018-05-24 14:49:18,0.042s,PASSED
click,Chrome 66.0.3359.181,,2018-05-24 14:49:18,2018-05-24 14:49:19,1.299s,PASSED
waitForElementVisible,Chrome 66.0.3359.181,,2018-05-24 14:49:19,2018-05-24 14:49:19,0.059s,PASSED
verifyElementText,Chrome 66.0.3359.181,,2018-05-24 14:49:19,2018-05-24 14:49:19,0.043s,PASSED
verifyElementAttributeValue,Chrome 66.0.3359.181,,2018-05-24 14:49:19,2018-05-24 14:49:20,0.037s,PASSED
verifyElementText,Chrome 66.0.3359.181,,2018-05-24 14:49:20,2018-05-24 14:49:20,0.038s,PASSED
navigateToUrl,Chrome 66.0.3359.181,,2018-05-24 14:49:20,2018-05-24 14:49:21,1.325s,PASSED
verifyElementText,Chrome 66.0.3359.181,,2018-05-24 14:49:21,2018-05-24 14:49:21,0.062s,PASSED
verifyElementText,Chrome 66.0.3359.181,,2018-05-24 14:49:21,2018-05-24 14:49:21,0.043s,PASSED
closeBrowser,Chrome 66.0.3359.181,,2018-05-24 14:49:21,2018-05-24 14:49:22,0.642s,PASSED
,,,,,,
Test Cases/Affiliate - BuyVTRDealer,Chrome 66.0.3359.181,,2018-05-24 14:49:22,2018-05-24 14:49:45,23.211s,PASSED
openBrowser,Chrome 66.0.3359.181,,2018-05-24 14:49:22,2018-05-24 14:49:25,2.312s,PASSED
maximizeWindow,Chrome 66.0.3359.181,,2018-05-24 14:49:25,2018-05-24 14:49:26,1.163s,PASSED
"Statement - OrderURL = com.kms.katalon.core.webui.keyword.WebUiBuiltInKeywords.concatenate([StagingReact, AffiliateURL, ""order/""])",Chrome 66.0.3359.181,,2018-05-24 14:49:26,2018-05-24 14:49:26,0.004s,PASSED
navigateToUrl,Chrome 66.0.3359.181,,2018-05-24 14:49:26,2018-05-24 14:49:29,3.419s,PASSED
waitForElementVisible,Chrome 66.0.3359.181,,2018-05-24 14:49:29,2018-05-24 14:49:29,0.058s,PASSED
verifyElementText,Chrome 66.0.3359.181,,2018-05-24 14:49:29,2018-05-24 14:49:29,0.048s,PASSED
verifyElementText,Chrome 66.0.3359.181,,2018-05-24 14:49:29,2018-05-24 14:49:29,0.043s,PASSED
verifyElementText,Chrome 66.0.3359.181,,2018-05-24 14:49:29,2018-05-24 14:49:29,0.049s,PASSED
setText,Chrome 66.0.3359.181,,2018-05-24 14:49:29,2018-05-24 14:49:30,0.238s,PASSED
click,Chrome 66.0.3359.181,,2018-05-24 14:49:30,2018-05-24 14:49:30,0.135s,PASSED
waitForElementVisible,Chrome 66.0.3359.181,,2018-05-24 14:49:30,2018-05-24 14:49:30,0.564s,PASSED
verifyElementVisible,Chrome 66.0.3359.181,,2018-05-24 14:49:30,2018-05-24 14:49:30,0.038s,PASSED
click,Chrome 66.0.3359.181,,2018-05-24 14:49:30,2018-05-24 14:49:31,0.206s,PASSED
waitForElementVisible,Chrome 66.0.3359.181,,2018-05-24 14:49:31,2018-05-24 14:49:31,0.049s,PASSED
Statement - now = new java.util.Date(),Chrome 66.0.3359.181,,2018-05-24 14:49:31,2018-05-24 14:49:31,0.000s,PASSED
"Statement - rnd = now.format(""yyyyMMddHHmmssSSS"").toString()",Chrome 66.0.3359.181,,2018-05-24 14:49:31,2018-05-24 14:49:31,0.001s,PASSED
"Statement - Email = com.kms.katalon.core.webui.keyword.WebUiBuiltInKeywords.concatenate([""affiliate"", rnd, ""@mailinator.com""])",Chrome 66.0.3359.181,,2018-05-24 14:49:31,2018-05-24 14:49:31,0.087s,PASSED
callTestCase,Chrome 66.0.3359.181,,2018-05-24 14:49:31,2018-05-24 14:49:35,4.820s,PASSED
waitForElementClickable,Chrome 66.0.3359.181,,2018-05-24 14:49:35,2018-05-24 14:49:36,0.322s,PASSED
"Statement - Price = com.kms.katalon.core.webui.keyword.WebUiBuiltInKeywords.concatenate([""Only "", Vtr1])",Chrome 66.0.3359.181,,2018-05-24 14:49:36,2018-05-24 14:49:36,0.001s,PASSED
verifyElementText,Chrome 66.0.3359.181,,2018-05-24 14:49:36,2018-05-24 14:49:36,0.446s,PASSED
click,Chrome 66.0.3359.181,,2018-05-24 14:49:36,2018-05-24 14:49:36,0.090s,PASSED
waitForElementPresent,Chrome 66.0.3359.181,,2018-05-24 14:49:36,2018-05-24 14:49:41,4.687s,PASSED
waitForElementClickable,Chrome 66.0.3359.181,,2018-05-24 14:49:41,2018-05-24 14:49:41,0.078s,PASSED
verifyTextPresent,Chrome 66.0.3359.181,,2018-05-24 14:49:41,2018-05-24 14:49:41,0.196s,PASSED
verifyElementText,Chrome 66.0.3359.181,,2018-05-24 14:49:41,2018-05-24 14:49:41,0.045s,PASSED
verifyElementText,Chrome 66.0.3359.181,,2018-05-24 14:49:41,2018-05-24 14:49:41,0.040s,PASSED
click,Chrome 66.0.3359.181,,2018-05-24 14:49:41,2018-05-24 14:49:42,1.084s,PASSED
waitForElementVisible,Chrome 66.0.3359.181,,2018-05-24 14:49:42,2018-05-24 14:49:43,0.063s,PASSED
verifyElementText,Chrome 66.0.3359.181,,2018-05-24 14:49:43,2018-05-24 14:49:43,0.080s,PASSED
verifyElementAttributeValue,Chrome 66.0.3359.181,,2018-05-24 14:49:43,2018-05-24 14:49:43,0.037s,PASSED
verifyElementText,Chrome 66.0.3359.181,,2018-05-24 14:49:43,2018-05-24 14:49:43,0.037s,PASSED
navigateToUrl,Chrome 66.0.3359.181,,2018-05-24 14:49:43,2018-05-24 14:49:44,1.340s,PASSED
verifyElementText,Chrome 66.0.3359.181,,2018-05-24 14:49:44,2018-05-24 14:49:44,0.062s,PASSED
verifyElementText,Chrome 66.0.3359.181,,2018-05-24 14:49:44,2018-05-24 14:49:44,0.046s,PASSED
verifyElementText,Chrome 66.0.3359.181,,2018-05-24 14:49:44,2018-05-24 14:49:44,0.050s,PASSED
closeBrowser,Chrome 66.0.3359.181,,2018-05-24 14:49:44,2018-05-24 14:49:45,0.674s,PASSED
,,,,,,
Test Cases/Salesman - BuyVtrCaDealer,Chrome 66.0.3359.181,,2018-05-24 14:49:45,2018-05-24 14:50:08,22.693s,PASSED
openBrowser,Chrome 66.0.3359.181,,2018-05-24 14:49:45,2018-05-24 14:49:48,2.279s,PASSED
maximizeWindow,Chrome 66.0.3359.181,,2018-05-24 14:49:48,2018-05-24 14:49:49,1.170s,PASSED
"Statement - OrderURL = com.kms.katalon.core.webui.keyword.WebUiBuiltInKeywords.concatenate([StagingReact, SalesmanURL, ""order/""])",Chrome 66.0.3359.181,,2018-05-24 14:49:49,2018-05-24 14:49:49,0.003s,PASSED
navigateToUrl,Chrome 66.0.3359.181,,2018-05-24 14:49:49,2018-05-24 14:49:52,3.097s,PASSED
waitForElementVisible,Chrome 66.0.3359.181,,2018-05-24 14:49:52,2018-05-24 14:49:52,0.068s,PASSED
verifyElementText,Chrome 66.0.3359.181,,2018-05-24 14:49:52,2018-05-24 14:49:52,0.045s,PASSED
verifyElementText,Chrome 66.0.3359.181,,2018-05-24 14:49:52,2018-05-24 14:49:52,0.044s,PASSED
verifyElementText,Chrome 66.0.3359.181,,2018-05-24 14:49:52,2018-05-24 14:49:52,0.053s,PASSED
setText,Chrome 66.0.3359.181,,2018-05-24 14:49:52,2018-05-24 14:49:52,0.231s,PASSED
click,Chrome 66.0.3359.181,,2018-05-24 14:49:52,2018-05-24 14:49:52,0.109s,PASSED
waitForElementVisible,Chrome 66.0.3359.181,,2018-05-24 14:49:52,2018-05-24 14:49:53,0.676s,PASSED
verifyElementVisible,Chrome 66.0.3359.181,,2018-05-24 14:49:53,2018-05-24 14:49:53,0.037s,PASSED
click,Chrome 66.0.3359.181,,2018-05-24 14:49:53,2018-05-24 14:49:53,0.183s,PASSED
waitForElementVisible,Chrome 66.0.3359.181,,2018-05-24 14:49:53,2018-05-24 14:49:53,0.045s,PASSED
Statement - now = new java.util.Date(),Chrome 66.0.3359.181,,2018-05-24 14:49:53,2018-05-24 14:49:53,0.001s,PASSED
"Statement - rnd = now.format(""yyyyMMddHHmmssSSS"").toString()",Chrome 66.0.3359.181,,2018-05-24 14:49:53,2018-05-24 14:49:53,0.000s,PASSED
"Statement - Email = com.kms.katalon.core.webui.keyword.WebUiBuiltInKeywords.concatenate([""salesman"", rnd, ""@mailinator.com""])",Chrome 66.0.3359.181,,2018-05-24 14:49:53,2018-05-24 14:49:53,0.138s,PASSED
callTestCase,Chrome 66.0.3359.181,,2018-05-24 14:49:53,2018-05-24 14:49:58,4.797s,PASSED
waitForElementClickable,Chrome 66.0.3359.181,,2018-05-24 14:49:58,2018-05-24 14:49:59,0.291s,PASSED
"Statement - Price = com.kms.katalon.core.webui.keyword.WebUiBuiltInKeywords.concatenate([""Only "", Vtr1])",Chrome 66.0.3359.181,,2018-05-24 14:49:59,2018-05-24 14:49:59,0.001s,PASSED
verifyElementText,Chrome 66.0.3359.181,,2018-05-24 14:49:59,2018-05-24 14:49:59,0.059s,PASSED
click,Chrome 66.0.3359.181,,2018-05-24 14:49:59,2018-05-24 14:49:59,0.511s,PASSED
waitForElementPresent,Chrome 66.0.3359.181,,2018-05-24 14:49:59,2018-05-24 14:50:04,4.671s,PASSED
waitForElementClickable,Chrome 66.0.3359.181,,2018-05-24 14:50:04,2018-05-24 14:50:04,0.049s,PASSED
verifyTextPresent,Chrome 66.0.3359.181,,2018-05-24 14:50:04,2018-05-24 14:50:04,0.191s,PASSED
verifyElementText,Chrome 66.0.3359.181,,2018-05-24 14:50:04,2018-05-24 14:50:04,0.074s,PASSED
verifyElementText,Chrome 66.0.3359.181,,2018-05-24 14:50:04,2018-05-24 14:50:04,0.038s,PASSED
click,Chrome 66.0.3359.181,,2018-05-24 14:50:04,2018-05-24 14:50:05,1.307s,PASSED
waitForElementVisible,Chrome 66.0.3359.181,,2018-05-24 14:50:05,2018-05-24 14:50:05,0.056s,PASSED
verifyElementText,Chrome 66.0.3359.181,,2018-05-24 14:50:05,2018-05-24 14:50:06,0.045s,PASSED
verifyElementAttributeValue,Chrome 66.0.3359.181,,2018-05-24 14:50:06,2018-05-24 14:50:06,0.035s,PASSED
verifyElementText,Chrome 66.0.3359.181,,2018-05-24 14:50:06,2018-05-24 14:50:06,0.032s,PASSED
navigateToUrl,Chrome 66.0.3359.181,,2018-05-24 14:50:06,2018-05-24 14:50:07,1.182s,PASSED
verifyElementText,Chrome 66.0.3359.181,,2018-05-24 14:50:07,2018-05-24 14:50:07,0.049s,PASSED
verifyElementText,Chrome 66.0.3359.181,,2018-05-24 14:50:07,2018-05-24 14:50:07,0.044s,PASSED
closeBrowser,Chrome 66.0.3359.181,,2018-05-24 14:50:07,2018-05-24 14:50:08,0.687s,PASSED
,,,,,,
Test Cases/Salesman - BuyVTRConsumer,Chrome 66.0.3359.181,,2018-05-24 14:50:08,2018-05-24 14:50:30,22.441s,PASSED
openBrowser,Chrome 66.0.3359.181,,2018-05-24 14:50:08,2018-05-24 14:50:10,2.311s,PASSED
maximizeWindow,Chrome 66.0.3359.181,,2018-05-24 14:50:10,2018-05-24 14:50:11,1.152s,PASSED
"Statement - OrderURL = com.kms.katalon.core.webui.keyword.WebUiBuiltInKeywords.concatenate([StagingReact, SalesmanURL, ""order/""])",Chrome 66.0.3359.181,,2018-05-24 14:50:11,2018-05-24 14:50:11,0.001s,PASSED
navigateToUrl,Chrome 66.0.3359.181,,2018-05-24 14:50:11,2018-05-24 14:50:14,2.805s,PASSED
waitForElementVisible,Chrome 66.0.3359.181,,2018-05-24 14:50:14,2018-05-24 14:50:14,0.048s,PASSED
verifyElementText,Chrome 66.0.3359.181,,2018-05-24 14:50:14,2018-05-24 14:50:14,0.050s,PASSED
verifyElementText,Chrome 66.0.3359.181,,2018-05-24 14:50:14,2018-05-24 14:50:14,0.044s,PASSED
verifyElementText,Chrome 66.0.3359.181,,2018-05-24 14:50:14,2018-05-24 14:50:14,0.044s,PASSED
setText,Chrome 66.0.3359.181,,2018-05-24 14:50:14,2018-05-24 14:50:15,0.247s,PASSED
click,Chrome 66.0.3359.181,,2018-05-24 14:50:15,2018-05-24 14:50:15,0.093s,PASSED
waitForElementVisible,Chrome 66.0.3359.181,,2018-05-24 14:50:15,2018-05-24 14:50:15,0.702s,PASSED
verifyElementVisible,Chrome 66.0.3359.181,,2018-05-24 14:50:15,2018-05-24 14:50:15,0.040s,PASSED
click,Chrome 66.0.3359.181,,2018-05-24 14:50:15,2018-05-24 14:50:16,0.196s,PASSED
waitForElementVisible,Chrome 66.0.3359.181,,2018-05-24 14:50:16,2018-05-24 14:50:16,0.064s,PASSED
Statement - now = new java.util.Date(),Chrome 66.0.3359.181,,2018-05-24 14:50:16,2018-05-24 14:50:16,0.000s,PASSED
"Statement - rnd = now.format(""yyyyMMddHHmmssSSS"").toString()",Chrome 66.0.3359.181,,2018-05-24 14:50:16,2018-05-24 14:50:16,0.001s,PASSED
"Statement - Email = com.kms.katalon.core.webui.keyword.WebUiBuiltInKeywords.concatenate([""salesman"", rnd, ""@mailinator.com""])",Chrome 66.0.3359.181,,2018-05-24 14:50:16,2018-05-24 14:50:16,0.145s,PASSED
callTestCase,Chrome 66.0.3359.181,,2018-05-24 14:50:16,2018-05-24 14:50:21,4.796s,PASSED
waitForElementClickable,Chrome 66.0.3359.181,,2018-05-24 14:50:21,2018-05-24 14:50:21,0.381s,PASSED
"Statement - Price = com.kms.katalon.core.webui.keyword.WebUiBuiltInKeywords.concatenate([""Only "", Vtr1])",Chrome 66.0.3359.181,,2018-05-24 14:50:21,2018-05-24 14:50:21,0.001s,PASSED
verifyElementText,Chrome 66.0.3359.181,,2018-05-24 14:50:21,2018-05-24 14:50:21,0.043s,PASSED
click,Chrome 66.0.3359.181,,2018-05-24 14:50:21,2018-05-24 14:50:22,0.494s,PASSED
waitForElementPresent,Chrome 66.0.3359.181,,2018-05-24 14:50:22,2018-05-24 14:50:26,4.669s,PASSED
waitForElementClickable,Chrome 66.0.3359.181,,2018-05-24 14:50:26,2018-05-24 14:50:26,0.048s,PASSED
verifyTextPresent,Chrome 66.0.3359.181,,2018-05-24 14:50:26,2018-05-24 14:50:27,0.205s,PASSED
verifyElementText,Chrome 66.0.3359.181,,2018-05-24 14:50:27,2018-05-24 14:50:27,0.041s,PASSED
verifyElementText,Chrome 66.0.3359.181,,2018-05-24 14:50:27,2018-05-24 14:50:27,0.042s,PASSED
click,Chrome 66.0.3359.181,,2018-05-24 14:50:27,2018-05-24 14:50:28,1.221s,PASSED
waitForElementVisible,Chrome 66.0.3359.181,,2018-05-24 14:50:28,2018-05-24 14:50:28,0.062s,PASSED
verifyElementText,Chrome 66.0.3359.181,,2018-05-24 14:50:28,2018-05-24 14:50:28,0.047s,PASSED
verifyElementAttributeValue,Chrome 66.0.3359.181,,2018-05-24 14:50:28,2018-05-24 14:50:28,0.037s,PASSED
verifyElementText,Chrome 66.0.3359.181,,2018-05-24 14:50:28,2018-05-24 14:50:28,0.031s,PASSED
navigateToUrl,Chrome 66.0.3359.181,,2018-05-24 14:50:28,2018-05-24 14:50:29,1.218s,PASSED
verifyElementText,Chrome 66.0.3359.181,,2018-05-24 14:50:29,2018-05-24 14:50:29,0.058s,PASSED
verifyElementText,Chrome 66.0.3359.181,,2018-05-24 14:50:29,2018-05-24 14:50:29,0.046s,PASSED
closeBrowser,Chrome 66.0.3359.181,,2018-05-24 14:50:29,2018-05-24 14:50:30,0.672s,PASSED
,,,,,,
Test Cases/Salesman - BuyVTRDealer,Chrome 66.0.3359.181,,2018-05-24 14:50:30,2018-05-24 14:50:53,23.060s,PASSED
openBrowser,Chrome 66.0.3359.181,,2018-05-24 14:50:31,2018-05-24 14:50:33,2.325s,PASSED
maximizeWindow,Chrome 66.0.3359.181,,2018-05-24 14:50:33,2018-05-24 14:50:34,1.145s,PASSED
"Statement - OrderURL = com.kms.katalon.core.webui.keyword.WebUiBuiltInKeywords.concatenate([StagingReact, SalesmanURL, ""order/""])",Chrome 66.0.3359.181,,2018-05-24 14:50:34,2018-05-24 14:50:34,0.005s,PASSED
navigateToUrl,Chrome 66.0.3359.181,,2018-05-24 14:50:34,2018-05-24 14:50:37,2.938s,PASSED
waitForElementVisible,Chrome 66.0.3359.181,,2018-05-24 14:50:37,2018-05-24 14:50:37,0.057s,PASSED
verifyElementText,Chrome 66.0.3359.181,,2018-05-24 14:50:37,2018-05-24 14:50:37,0.050s,PASSED
verifyElementText,Chrome 66.0.3359.181,,2018-05-24 14:50:37,2018-05-24 14:50:37,0.046s,PASSED
verifyElementText,Chrome 66.0.3359.181,,2018-05-24 14:50:37,2018-05-24 14:50:37,0.048s,PASSED
setText,Chrome 66.0.3359.181,,2018-05-24 14:50:37,2018-05-24 14:50:37,0.238s,PASSED
click,Chrome 66.0.3359.181,,2018-05-24 14:50:37,2018-05-24 14:50:37,0.092s,PASSED
waitForElementVisible,Chrome 66.0.3359.181,,2018-05-24 14:50:37,2018-05-24 14:50:38,0.551s,PASSED
verifyElementVisible,Chrome 66.0.3359.181,,2018-05-24 14:50:38,2018-05-24 14:50:38,0.037s,PASSED
click,Chrome 66.0.3359.181,,2018-05-24 14:50:38,2018-05-24 14:50:38,0.181s,PASSED
waitForElementVisible,Chrome 66.0.3359.181,,2018-05-24 14:50:38,2018-05-24 14:50:38,0.090s,PASSED
Statement - now = new java.util.Date(),Chrome 66.0.3359.181,,2018-05-24 14:50:38,2018-05-24 14:50:38,0.001s,PASSED
"Statement - rnd = now.format(""yyyyMMddHHmmssSSS"").toString()",Chrome 66.0.3359.181,,2018-05-24 14:50:38,2018-05-24 14:50:38,0.000s,PASSED
"Statement - Email = com.kms.katalon.core.webui.keyword.WebUiBuiltInKeywords.concatenate([""salesman"", rnd, ""@mailinator.com""])",Chrome 66.0.3359.181,,2018-05-24 14:50:38,2018-05-24 14:50:38,0.001s,PASSED
callTestCase,Chrome 66.0.3359.181,,2018-05-24 14:50:38,2018-05-24 14:50:43,5.155s,PASSED
waitForElementVisible,Chrome 66.0.3359.181,,2018-05-24 14:50:43,2018-05-24 14:50:44,0.044s,PASSED
"Statement - Price = com.kms.katalon.core.webui.keyword.WebUiBuiltInKeywords.concatenate([""Only "", Vtr1])",Chrome 66.0.3359.181,,2018-05-24 14:50:44,2018-05-24 14:50:44,0.413s,PASSED
verifyElementText,Chrome 66.0.3359.181,,2018-05-24 14:50:44,2018-05-24 14:50:44,0.045s,PASSED
click,Chrome 66.0.3359.181,,2018-05-24 14:50:44,2018-05-24 14:50:44,0.094s,PASSED
waitForElementPresent,Chrome 66.0.3359.181,,2018-05-24 14:50:44,2018-05-24 14:50:49,4.156s,PASSED
waitForElementClickable,Chrome 66.0.3359.181,,2018-05-24 14:50:49,2018-05-24 14:50:49,0.074s,PASSED
verifyTextPresent,Chrome 66.0.3359.181,,2018-05-24 14:50:49,2018-05-24 14:50:49,0.194s,PASSED
verifyElementText,Chrome 66.0.3359.181,,2018-05-24 14:50:49,2018-05-24 14:50:49,0.065s,PASSED
verifyElementText,Chrome 66.0.3359.181,,2018-05-24 14:50:49,2018-05-24 14:50:49,0.043s,PASSED
click,Chrome 66.0.3359.181,,2018-05-24 14:50:49,2018-05-24 14:50:50,1.211s,PASSED
waitForElementVisible,Chrome 66.0.3359.181,,2018-05-24 14:50:50,2018-05-24 14:50:50,0.070s,PASSED
verifyElementText,Chrome 66.0.3359.181,,2018-05-24 14:50:50,2018-05-24 14:50:50,0.044s,PASSED
verifyElementAttributeValue,Chrome 66.0.3359.181,,2018-05-24 14:50:50,2018-05-24 14:50:50,0.035s,PASSED
verifyElementText,Chrome 66.0.3359.181,,2018-05-24 14:50:50,2018-05-24 14:50:50,0.036s,PASSED
navigateToUrl,Chrome 66.0.3359.181,,2018-05-24 14:50:50,2018-05-24 14:50:52,1.943s,PASSED
verifyElementText,Chrome 66.0.3359.181,,2018-05-24 14:50:52,2018-05-24 14:50:52,0.060s,PASSED
verifyElementText,Chrome 66.0.3359.181,,2018-05-24 14:50:52,2018-05-24 14:50:52,0.043s,PASSED
closeBrowser,Chrome 66.0.3359.181,,2018-05-24 14:50:52,2018-05-24 14:50:53,0.669s,PASSED
